id,a3,a2,metodo,lambda,isolamento raiz 1,raiz 1,f(raiz1),num interacoes 1,isolamento raiz 2,raiz 2,f(raiz2),num interacoes 2,isolamento raiz 3,raiz 3,f(raiz3),num interacoes 3
1,3,4,original,,-3.6 ~ -3.5,-3.50504,-2.17544e-05,3,-1.40435e-12 ~ 0.1,0.0833646,0.000612363,2,3.4 ~ 3.5,3.42166,3.76546e-06,3
2,3,4,derivada num.,,-3.6 ~ -3.5,-3.50504,-2.1757e-05,3,-1.40435e-12 ~ 0.1,0.0833646,0.000612263,2,3.4 ~ 3.5,3.42166,3.76654e-06,3
3,3,4,FL,0.1,-3.6 ~ -3.5,-3.50504,-2.17544e-05,3,-1.40435e-12 ~ 0.1,0.0833646,0.000612363,2,3.4 ~ 3.5,3.42166,3.76546e-06,3
4,3,4,FL,0.01,-3.6 ~ -3.5,-3.50504,-2.17544e-05,3,-1.40435e-12 ~ 0.1,0.0833646,0.000612363,2,3.4 ~ 3.5,3.42166,3.76546e-06,3
5,6,7,original,,-3.3 ~ -3.2,-3.26392,-4.68748e-07,3,-1.40435e-12 ~ 0.1,0.0476293,4.97842e-06,2,3.2 ~ 3.3,3.21629,1.57101e-05,3
6,6,7,derivada num.,,-3.3 ~ -3.2,-3.26392,-4.69277e-07,3,-1.40435e-12 ~ 0.1,0.0476293,4.99265e-06,2,3.2 ~ 3.3,3.21629,1.57133e-05,3
7,6,7,FL,0.1,-3.3 ~ -3.2,-3.26392,-4.68748e-07,3,-1.40435e-12 ~ 0.1,0.0476293,4.97842e-06,2,3.2 ~ 3.3,3.21629,1.57101e-05,3
8,6,7,FL,0.01,-3.3 ~ -3.2,-3.26392,-4.68748e-07,3,-1.40435e-12 ~ 0.1,0.0476293,4.97842e-06,2,3.2 ~ 3.3,3.21629,1.57101e-05,3
